product,count
lavender mini,202
vanilla mini,130
jasmine mini,110
beli mini,84
strawberry mini,57
musk mini,54
cocoa mini,54
peppermint mini,53
chocolate mini,49
rose mini,48
coffee mini,42
sandalwood mini,36
cotton mini,29
mask mini,13
lemongrass mini,12
lamongrass mini,11
belli mini,8
mosquito mini,7
lavender minii,5
vanilla mni,5
order,5
coffee,4
sandlewood mini,4
vanilla,4
jasmine,3
beli,3
beli minii,3
musk minii,3
vanila mini,3
strawberry big,3
strawberry,3
strawverry mini,3
sandalwood,3
lavender,2
jasmine minii,2
lavender mini 2 pc,2
lavener mini,2
coca mini,2
bali mini,2
vanilla big,2
jamine mini,2
jasmine mni,2
starwberry mini,2
mosquito repellant mini,2
lemon grass mini,2
coffee big,2
pappermint mini,2
warm n cozy mini,2
cocoa minii,2
jasmine big,2
peppermint,2
rose big,2
"""rose mini",1
sttrawberry mini,1
jasmien mini,1
belly mini,1
pweppermint mini,1
mosquitoes mini,1
beli big,1
cocoa mini 2pc,1
peppermint mini 2pc,1
jasmine mini',1
samdalwood mini,1
coffeee mini,1
"chocolate mini""",1
"beli mini""",1
pepperminy mini,1
jeasmine mini,1
musk big,1
lamon grass mini,1
pepermint mini,1
lavebder mini,1
lasmine mini,1
lasmine,1
lavender mnii,1
leongrass mini,1
sandlewood,1
peppermint mini\,1
warm cozy mini,1
vanilla 2 mini,1
sandle wood,1
lemongrass,1
cofffee,1
cocoa mini beli mini,1
levernder mini,1
chocolate and beli,1
lemongrass & (lavender 2),1
chocolate mini lavender mini,1
lavender  big,1
chocolate big,1
chocolate mini 2,1
belli mini vanilla mini,1
mini jasmine,1
lemongrass mini jasmine mini,1
lavender minii mosquito mini,1
chocolate mini strawberry mini,1
chocolate mini cotton mini,1
choclate mini,1
coffe mini,1
peppermint  mini,1
mosquito repellent mini,1
warm n cozy big,1
lamongeass mini,1
lavedner mini,1
sweet choco mini,1
lavender mini 2,1
mini rose,1
mango mini,1
jasmne mini,1
coffee minii,1
straw berry mini,1
lavender big,1
vanilla minii,1
cocoa big,1
cotton  mini,1
strawberry minii,1
musk,1
chcoclate mini,1
warm n cozy 2pc mini,1
musk 2pc mini,1
lavender 1pcmini,1
straweberrry mini,1
cococa mini,1
belii min,1
coffeei mini,1
strawberrymini,1
mask  mini,1
warm and cozy,1
lemon grass,1
vanilla mini 2 pc,1
rose mini 1pc,1
lavender mini 35 pc,1
beli mini 2pc,1
mini lemon grass,1
rose mini 2pc,1
strawberry mini 2,1
worm and cozzy,1
beli mini 4,1
vanilla mini 4,1
chococlate mini,1
sandalwoon mini,1
chcolate mini,1
strowberry,1
lamongrasss mini,1
beli mni,1
chocolate,1
rose,1
bali mimi,1
cocoa mnii,1
jasmine miini,1
lavender  mni,1
mosquito 2pis,1
mosquito 2 pis,1
warm sandalwood mini,1
happy thoughts mini,1
bloom mini,1
lavender big2pis,1
chocolate mniii,1
peppermin mini,1
